feature,importance
numerical__Start_Lng,0.12523824674449155
numerical__Start_Lat,0.11639325809691274
numerical__Accident_Duration_Minutes,0.09586283784343315
numerical__Pressure(in),0.0700806644316481
numerical__Temperature(F),0.06987915499501669
numerical__Accident_Hour,0.06841935911173466
numerical__Humidity(%),0.06838605383420966
numerical__Accident_Month,0.05978526610842996
numerical__Wind_Speed(mph),0.04071431983184382
numerical__Accident_DayOfWeek,0.04010215869799442
binary__Traffic_Signal,0.018633068909745122
numerical__Distance(mi),0.01809353597746499
numerical__Visibility(mi),0.017556978665461895
binary__Crossing,0.016436916356964017
binary__Stop,0.015175175851437675
binary__Junction,0.011985675659532145
numerical__Is_Rush_Hour,0.011285340553206714
categorical__Wind_Direction_Calm,0.010390285039376059
categorical__Weather_Condition_Clear,0.009962961603991625
numerical__Is_Weekend,0.008828639374259399
categorical__Wind_Direction_West,0.007738916893321991
categorical__Weather_Condition_Overcast,0.006839756658591771
categorical__Weather_Condition_Mostly Cloudy,0.00608237883075901
categorical__Weather_Condition_Scattered Clouds,0.00557465125009223
categorical__Wind_Direction_Variable,0.0055186759662602435
categorical__Wind_Direction_SSW,0.005344547693232813
binary__Station,0.00528429117219079
categorical__Weather_Condition_Partly Cloudy,0.004999638147226386
categorical__Wind_Direction_WNW,0.004841266324377335
categorical__Wind_Direction_WSW,0.004399568540741313
categorical__Wind_Direction_SW,0.004203158585549837
categorical__Wind_Direction_South,0.003933404591876239
categorical__Wind_Direction_SE,0.0037196500338508476
categorical__Wind_Direction_NW,0.0032264237560489183
categorical__Wind_Direction_North,0.0031098805702610877
binary__Amenity,0.002637847614023946
categorical__Wind_Direction_NNW,0.0026122914149225764
categorical__Wind_Direction_SSE,0.0025104286314192805
categorical__Weather_Condition_Light Rain,0.0024247430676099433
categorical__Wind_Direction_ESE,0.002221762792196653
categorical__Wind_Direction_East,0.0021825318694129233
categorical__Weather_Condition_Unknown,0.0019348297400917085
categorical__Wind_Direction_NE,0.0019052232586196105
categorical__Wind_Direction_Unknown,0.0016792965030564138
binary__Railway,0.0015673828246526192
categorical__Wind_Direction_ENE,0.0015064063094906005
categorical__Weather_Condition_Haze,0.001311709446491351
categorical__Weather_Condition_Fair,0.0012945505149191522
categorical__State_CA,0.0012140493221449102
categorical__Wind_Direction_NNE,0.001013718473205737
categorical__State_OH,0.000985308576449466
categorical__Weather_Condition_Rain,0.0008154932589069917
binary__Give_Way,0.0007026143720223104
categorical__Wind_Direction_CALM,0.0002239630755011084
categorical__Weather_Condition_Heavy Rain,0.00017250389493078867
categorical__Wind_Direction_VAR,0.00010576655174088066
categorical__Weather_Condition_Fog,0.00010266758079399162
categorical__Weather_Condition_Cloudy,0.00010260084892441106
categorical__Wind_Direction_N,9.659028739017944e-05
categorical__Wind_Direction_E,9.62704104867399e-05
categorical__Wind_Direction_S,7.595457825830174e-05
categorical__Weather_Condition_Smoke,7.563930554707989e-05
categorical__Weather_Condition_Light Snow,6.312495366146711e-05
binary__Bump,5.9165689429785275e-05
categorical__Weather_Condition_Light Drizzle,5.78317036246336e-05
categorical__Wind_Direction_W,3.5974458548885445e-05
categorical__Weather_Condition_Drizzle,3.4477603945210474e-05
categorical__Weather_Condition_Mist,2.160110095042451e-05
categorical__Weather_Condition_Light Thunderstorms and Rain,1.6020278091315928e-05
categorical__Weather_Condition_Fair / Windy,1.4297312299214333e-05
categorical__Weather_Condition_Light Freezing Drizzle,8.885904741291089e-06
categorical__Weather_Condition_Widespread Dust,8.366823479889732e-06
categorical__Weather_Condition_Thunderstorms and Rain,8.340480171888153e-06
categorical__Weather_Condition_Light Rain / Windy,7.805950722387766e-06
binary__Roundabout,7.554562708551369e-06
categorical__Weather_Condition_Shallow Fog,7.32245341120215e-06
categorical__Weather_Condition_Patches of Fog,6.9153962748027e-06
categorical__Weather_Condition_Light Freezing Fog,6.415569189753939e-06
categorical__Weather_Condition_Snow,5.6749827600895805e-06
categorical__Weather_Condition_Rain Showers,4.986870343761615e-06
categorical__Weather_Condition_Volcanic Ash,4.683151498675422e-06
categorical__Weather_Condition_Partly Cloudy / Windy,3.3025343679839867e-06
categorical__Weather_Condition_Heavy Drizzle,2.943586522702445e-06
categorical__State_WV,2.141198231317944e-06
categorical__Weather_Condition_Showers in the Vicinity,2.0649110155200585e-06
categorical__Weather_Condition_Thunder in the Vicinity,1.9925814445320652e-06
categorical__Weather_Condition_Light Haze,1.5575626315951984e-06
categorical__Weather_Condition_Light Rain Showers,1.3938417826483288e-06
categorical__Weather_Condition_Mostly Cloudy / Windy,1.234153384219255e-06
categorical__Weather_Condition_Light Rain with Thunder,1.1757004224978092e-06
categorical__Weather_Condition_Thunderstorm,1.0287029497104548e-06
categorical__Weather_Condition_Hail,9.618804851403007e-07
categorical__Weather_Condition_Blowing Sand,9.4062699673316e-07
categorical__Weather_Condition_Light Rain Shower,6.739265846128698e-07
categorical__Weather_Condition_Blowing Dust / Windy,4.892275898050021e-07
categorical__Weather_Condition_Light Freezing Rain,4.030949929441353e-07
